url,twitterUrl,id,text,retweetCount,replyCount,likeCount,quoteCount,createdAt,bookmarkCount,isRetweet,isQuote
https://x.com/Gxxzi/status/1987582511455572351,https://twitter.com/Gxxzi/status/1987582511455572351,1987582511455572351,"كلب سئم من نباح كلب صغير وقام رمية في حمام السباحة
https://t.co/IHFez7n4lX",19,2,92,0,Sun Nov 09 18:06:12 +0000 2025,29,False,True
https://x.com/Asem_a/status/1987570973743128746,https://twitter.com/Asem_a/status/1987570973743128746,1987570973743128746,"يا ابن الحمير انا ما غلطت عليك ولا سبيتك لكن الي متربي في زريبة ما يعرف غير هذا الاسلوب.

اختلاف جينات مين يا حيوان انت؟ العرب جيناتهم واصلهم ثابت وضارب في جذور الجزيرة العربية، الواحد فينا يعرف نسبه الى سيدنا ادم وانت تقولي علم جينات؟ ليتك انت الي فاهم علم الجينات، كان فهمت ان جيناتكم انتم المخبوصة من كثر الاحتلالات من هكسوس لاشوريين، للفرس، لإغريق، لرومان، لفرنسيين لعرب، لانجليز، لعثمانيين وبعد هذا تقولي جيناتكم ثابتة؟ انت عبيط يا اهبل؟؟ طس بس لعن الله ذا الوجه",0,0,0,0,Sun Nov 09 17:20:22 +0000 2025,0,False,True
https://x.com/FaisalIdri61604/status/1987567891080749301,https://twitter.com/FaisalIdri61604/status/1987567891080749301,1987567891080749301,"بعد فضيحة سرقة لوحاتها .. الفنانة الدنماركية ليزا نيلسن تصل مصر . 

 https://t.co/O8uOlaqazh",0,0,0,0,Sun Nov 09 17:08:07 +0000 2025,0,False,False
https://x.com/Fallzhrani/status/1987561138926579734,https://twitter.com/Fallzhrani/status/1987561138926579734,1987561138926579734,طيب والله فضيحة لو ماحسبها بلنتي,0,0,0,0,Sun Nov 09 16:41:17 +0000 2025,0,False,False
https://x.com/ksa702aaa/status/1987531386413347295,https://twitter.com/ksa702aaa/status/1987531386413347295,1987531386413347295,كلب ومات,0,0,0,0,Sun Nov 09 14:43:03 +0000 2025,0,False,True
https://x.com/khaledbagasi/status/1987590464502108516,https://twitter.com/khaledbagasi/status/1987590464502108516,1987590464502108516,@magdi_khalil الخنزير مجدي خليل صليبي متعصب حاقد على أهل الإسلام.,0,0,0,0,Sun Nov 09 18:37:49 +0000 2025,0,False,False
https://x.com/srh1860337/status/1987589578211889385,https://twitter.com/srh1860337/status/1987589578211889385,1987589578211889385,@abdullh_132 كذاب اغلب البنات تحررو من النقاب و العبايات السوداء قسم بالله انك تضحك و ينشفق عليك احس عندك اوهام هههههههههههههه,0,0,0,0,Sun Nov 09 18:34:17 +0000 2025,0,False,False
https://x.com/ol_9q5/status/1987589540878471309,https://twitter.com/ol_9q5/status/1987589540878471309,1987589540878471309,كيمي يا ورع انقلع خل ماكس يعدي,0,0,0,0,Sun Nov 09 18:34:08 +0000 2025,0,False,False
https://x.com/Jamalalharbi_65/status/1987589358770348213,https://twitter.com/Jamalalharbi_65/status/1987589358770348213,1987589358770348213,@samerabdullah06 كل خرا يا كلب,0,1,0,0,Sun Nov 09 18:33:25 +0000 2025,0,False,False
https://x.com/kldlrty48190325/status/1987588023865725379,https://twitter.com/kldlrty48190325/status/1987588023865725379,1987588023865725379,@hamed4343 قسم انك حمار بيشة🦓🦓🤣🤣,0,0,1,0,Sun Nov 09 18:28:07 +0000 2025,0,False,False
https://x.com/a_alsaga9/status/1987586809573044252,https://twitter.com/a_alsaga9/status/1987586809573044252,1987586809573044252,"@AImodrj بنر الجبناء تقصد المخفيين ابشرك المكان ليس مخصص لرابطة الاهلي 
الصفقه الموجعه اللي تبغوا تردوها  صفعة راس البسه مستحيل يردها. جبان متخفي ببنر
اما التيفوا امام الملاء وعلي عينك يا تاجر امام مئات القنوات الرياضيه محليه وخليجيه واسيويه وعالميه فضيحه بجلاجل 
ما تردها بنر متخفي",0,0,0,0,Sun Nov 09 18:23:17 +0000 2025,0,False,False
https://x.com/SroorHupshi/status/1987585550434381937,https://twitter.com/SroorHupshi/status/1987585550434381937,1987585550434381937,@Kh__070 كذاب https://t.co/E7EpB8S0lp,0,0,0,0,Sun Nov 09 18:18:17 +0000 2025,0,False,False
https://x.com/abcdabcd453551/status/1987585059755315681,https://twitter.com/abcdabcd453551/status/1987585059755315681,1987585059755315681,@Shal0f كذاب في وجهك والله انت ورونالدو والعقال بعد ماشاله ماتسوون زنوبه مقطعه في حلقك يالفقراوي,0,0,0,0,Sun Nov 09 18:16:20 +0000 2025,0,False,False
https://x.com/AAlsulami78/status/1987585047348576419,https://twitter.com/AAlsulami78/status/1987585047348576419,1987585047348576419,@farag_nassar_ كذاب حmار بولاق .. https://t.co/okRXo44ikx,0,0,0,0,Sun Nov 09 18:16:17 +0000 2025,0,False,False
https://x.com/aryam5toleenfay/status/1987584820512166220,https://twitter.com/aryam5toleenfay/status/1987584820512166220,1987584820512166220,@JoodReb @m0tab3 حقير,0,0,0,0,Sun Nov 09 18:15:23 +0000 2025,0,False,False
https://x.com/nora1997tt/status/1079508566275485696,https://twitter.com/nora1997tt/status/1079508566275485696,1079508566275485696,لمن تتذكرين تصرف غبي سويتيه تتفشلين اكثر من الوقت اللي سويتي فيه التصرف 🌚💔,0,0,0,0,Sun Dec 30 22:44:33 +0000 2018,0,False,False
https://x.com/ioixioii/status/1079503758445420545,https://twitter.com/ioixioii/status/1079503758445420545,1079503758445420545,تجاهلت قوقل وييت أسألك سؤال غبي.. لازلت تشك أني أحبك؟,0,1,1,0,Sun Dec 30 22:25:26 +0000 2018,0,False,False
https://x.com/rose22288/status/1079494049214664704,https://twitter.com/rose22288/status/1079494049214664704,1079494049214664704,قبل شوي شفت صورة بالانستقرام فيها خبر وفاة والد المذيع محمد النجادة و انصدمت من حقارة و خسة التعليقات بالصورة الولد أبوه متوفي و هم جالسين يطقطقون على شكل الولد و طريقة كلامه ، الخلاصة السوشال ميديا كشفت نوعية شيطانية من الناس مستعدة تجرح أي أحد مقابل هدف تافه جدا ، شوية لايكات ! https://t.co/i8aoHcQc5G,1,0,2,0,Sun Dec 30 21:46:52 +0000 2018,0,False,False
https://x.com/_BinAdel7/status/1079488118041047040,https://twitter.com/_BinAdel7/status/1079488118041047040,1079488118041047040,جاني كلام اني معك كنت كذاب,0,0,0,0,Sun Dec 30 21:23:17 +0000 2018,0,False,False
https://x.com/nfc_mr1/status/1079486039444598790,https://twitter.com/nfc_mr1/status/1079486039444598790,1079486039444598790,"#خيسوس_يعبث_بالهلال

نادي فضيحه وفشلنا وسمعته زباله في الاوساط الرياضيه 

عذرا نادي الطواقي لايمثلنا 💦 https://t.co/RteE69PNtR",0,0,0,0,Sun Dec 30 21:15:02 +0000 2018,0,False,False
https://x.com/mjeeed090/status/1079454475960705024,https://twitter.com/mjeeed090/status/1079454475960705024,1079454475960705024,لعنك الله يالمترجم,0,0,0,0,Sun Dec 30 19:09:37 +0000 2018,0,False,True
https://x.com/FaresAlosimi/status/1079438976921030656,https://twitter.com/FaresAlosimi/status/1079438976921030656,1079438976921030656,غبي..!!! اركد يادلخ فايز أربعة والكورة في نص الملعب ..!!!,0,0,0,0,Sun Dec 30 18:08:01 +0000 2018,0,False,False
https://x.com/aziz_alkhuzaee/status/1079438773438631937,https://twitter.com/aziz_alkhuzaee/status/1079438773438631937,1079438773438631937,بايلي غبي 😒,0,0,0,0,Sun Dec 30 18:07:13 +0000 2018,0,False,False
https://x.com/BuSalem1979/status/1079438749971501057,https://twitter.com/BuSalem1979/status/1079438749971501057,1079438749971501057,برع يا بايلي برع.. مدافع متهور و غبي,2,0,0,0,Sun Dec 30 18:07:07 +0000 2018,0,False,False
https://x.com/justanmar/status/1079438743843540992,https://twitter.com/justanmar/status/1079438743843540992,1079438743843540992,طرد غبي,0,0,0,0,Sun Dec 30 18:07:06 +0000 2018,0,False,False
https://x.com/Azooz_01_/status/1079409877984989190,https://twitter.com/Azooz_01_/status/1079409877984989190,1079409877984989190,احمد شراحيلي لعنك الله يا كلب,0,0,0,0,Sun Dec 30 16:12:24 +0000 2018,0,False,False
https://x.com/abobasim_1333/status/1079218672835719168,https://twitter.com/abobasim_1333/status/1079218672835719168,1079218672835719168,من متى دعاء المخانيث يستجاب ياكلب من كلاب الرذيله والله ماتجي بشقفه من حذاء سلمان الحزم ياواطي لعنك الله لعنة اليهود ماباقي الا انتم ياشراذمة شرق سلوي تتطاولون على اسيادكم وانتم غارقين في حظن شريفه,0,0,1,0,Sun Dec 30 03:32:37 +0000 2018,0,False,False
https://x.com/alabbady_88/status/1079049412645736448,https://twitter.com/alabbady_88/status/1079049412645736448,1079049412645736448,لعنك الله مدرب ولعن. من جابك. يازباله انت ولي جابك. والي تعاقد معك. والي اوصى بالتعاقد معك. زبايل #الاتحاد_الاتفاق,0,0,0,0,Sat Dec 29 16:20:02 +0000 2018,0,False,False
https://x.com/HalaInfp/status/1078738019182698497,https://twitter.com/HalaInfp/status/1078738019182698497,1078738019182698497,أنا نجمة ياعزيزي والنجوم ماتطيح واذا طحت رح اكون نيزك احرقك واحرق اللي جابك.,0,0,1,0,Fri Dec 28 19:42:40 +0000 2018,1,False,False
https://x.com/3boodXavi/status/1078651335338283010,https://twitter.com/3boodXavi/status/1078651335338283010,1078651335338283010,الله يقرفك يا كلب,0,0,0,0,Fri Dec 28 13:58:13 +0000 2018,0,False,False
https://x.com/i_azooz12/status/1077937480542883840,https://twitter.com/i_azooz12/status/1077937480542883840,1077937480542883840,على الكوره يا حكم يا كلب,0,0,0,0,Wed Dec 26 14:41:37 +0000 2018,0,False,False
https://x.com/wejdansameer/status/1077510343067344897,https://twitter.com/wejdansameer/status/1077510343067344897,1077510343067344897,فعلا و يهجرونك حتى تبعد و يقولون انت خائن اين انتم 💔,0,0,0,0,Tue Dec 25 10:24:19 +0000 2018,0,False,False
https://x.com/osama_00008/status/1076166162218696704,https://twitter.com/osama_00008/status/1076166162218696704,1076166162218696704,لعنك الله يالمسعور 🙂💔 #الاتحاد_النصر,0,0,0,0,Fri Dec 21 17:23:01 +0000 2018,0,False,False
https://x.com/i2red/status/1076154592503779328,https://twitter.com/i2red/status/1076154592503779328,1076154592503779328,غصباً عنك ياكلب لعنك الله 😭😭😭😭😭😭😭💛💛💛,0,0,0,0,Fri Dec 21 16:37:03 +0000 2018,0,False,False
https://x.com/2lli93/status/1076125865531133953,https://twitter.com/2lli93/status/1076125865531133953,1076125865531133953,طبعا انت لا بني ادمي ولا ماكينه انت حيوان.,0,0,0,0,Fri Dec 21 14:42:54 +0000 2018,0,False,True
https://x.com/metaphysicalsou/status/1604530699087773697,https://twitter.com/metaphysicalsou/status/1604530699087773697,1604530699087773697,هم فعلا حرامية، أشكالهم تطمئن وأفعالهم تروع، جربتهم سرقوني في ديارهم,0,0,0,0,Sun Dec 18 17:35:04 +0000 2022,0,False,True
https://x.com/SalOwriter/status/1601618814558343169,https://twitter.com/SalOwriter/status/1601618814558343169,1601618814558343169,سلمان عرفت حسابك من ٢٠٢٠ ومن هالك الحين لين اليوم وانت فلوسك تنسرق اونلاين كلما دخلت حسابك لقيتك كاتب رجعوا فلوسي… — أحب أطمنك إني أخذت حقوقي كلها بسنّي أحب أتغوّط بجو اللي سرقوني حتى لو رجعوا الفلوس من باب الحرش 😂 https://t.co/2Xt2dYY6WG,0,0,0,0,Sat Dec 10 16:44:16 +0000 2022,0,False,False
https://x.com/mohalam/status/1586943641511157760,https://twitter.com/mohalam/status/1586943641511157760,1586943641511157760,"قضية هامة جدا أثارها الدكتور. ولم أرها سوى الآن قديما تعرضت للسرقة من دكاترة ولكن لم أجد وسيلة لمقاضاتهم. 
المهم ما يقترحه الدكتور من استخدام أدوات الكشف عن الانتحال يمكن تجاوزها باستخدام أدوات إعادة الصياغة التي تعمل مع #الذكاء_الاصطناعي ويصعب بعد ذلك كشف السرقة.",0,0,2,0,Mon Oct 31 04:50:22 +0000 2022,1,False,True
https://x.com/Dowaihi2/status/1578009962793639936,https://twitter.com/Dowaihi2/status/1578009962793639936,1578009962793639936,ادفع نص ثروتي بس اعرف مين اللي سرق سيارتي الفراري.,0,0,1,0,Thu Oct 06 13:11:07 +0000 2022,0,False,False
https://x.com/uvuvl0/status/1570122417112027137,https://twitter.com/uvuvl0/status/1570122417112027137,1570122417112027137,سرقوني فلوس من شركة امكان لتمويل وصرافتي راجحييي وغضبانه على بنك راجحي كيف صار عملية نصب عندهم سهله مجرد مااحط رقم ياخذو كل الي بالبطاقه خيررررر,0,1,1,1,Wed Sep 14 18:48:50 +0000 2022,0,False,False
https://x.com/urfavbarwania/status/1564383351405834240,https://twitter.com/urfavbarwania/status/1564383351405834240,1564383351405834240,سبوتفاي سرقوني,0,1,1,0,Mon Aug 29 22:43:50 +0000 2022,0,False,False
https://x.com/deaf_91111/status/1608950103339077632,https://twitter.com/deaf_91111/status/1608950103339077632,1608950103339077632,لص روسي في العاصمة موسكو تسلل داخل صالون حلاقة بعد منتصف الليل وسرق أموال الكاشير ثم حلق وجهه وشعره وأخذ من الثلاجة بعض الخمور فشرب حتى سكر ونام، اليوم التالي أيقظته الشرطة وقبضوا عليه دون مقاومة ... https://t.co/qNZtmiXFZ6,0,0,0,0,Fri Dec 30 22:16:12 +0000 2022,0,False,False
https://x.com/True45307546/status/1608931022556762112,https://twitter.com/True45307546/status/1608931022556762112,1608931022556762112,تعالي خاص,0,0,0,0,Fri Dec 30 21:00:22 +0000 2022,0,False,True
https://x.com/Mohannedaq/status/1608929152723488769,https://twitter.com/Mohannedaq/status/1608929152723488769,1608929152723488769,سرقة عيني عينك!!!! https://t.co/SwynBbV02V,0,0,0,0,Fri Dec 30 20:52:57 +0000 2022,0,False,False
https://x.com/omarbinhafez/status/1608884405833195520,https://twitter.com/omarbinhafez/status/1608884405833195520,1608884405833195520,"واخيرا بعد سنة فتحت حساب خاص لـ قهوة الجمعــــة ، حيكون فيه كل شي يخص جُمعتنا ونقدر ننشر لكم في الحساب ايش يصير في جَمعتنا ، لا تنسونا من دعمكم 🤍
https://t.co/xcuWaz68hP",0,0,5,0,Fri Dec 30 17:55:08 +0000 2022,0,False,True
https://x.com/Dr_salah_aldeen/status/1608836470399459331,https://twitter.com/Dr_salah_aldeen/status/1608836470399459331,1608836470399459331,"يا جماعة قطه رموها اصحابها عمرها شهر او اقل الي يقدر يعتني فيها يتواصل معايا خاص 

القطه نضيفه واليفه مره https://t.co/RU3cWccACs",0,1,0,0,Fri Dec 30 14:44:39 +0000 2022,0,False,False
https://x.com/H_M_HIJAZI/status/1608836461016805377,https://twitter.com/H_M_HIJAZI/status/1608836461016805377,1608836461016805377,"#المغرب #Morocco  عمرة  يناير  خصم خاص لمجموعة حجازي متبقي عدد ٥ مقاعد 
بأتمنة  جد مناسبة  .عن طريق الخطوط السعودية 🛬
نور الفردوس للأسفار  رفيقكم لبيت الله الحرام  

كل مستلزمات الراحة لعمرة مريحة تتفرغ فيها للعبادة
فنادق مصنفة وممتازة  في منصة وزارة الحج و العمرة 
باصات حديتة https://t.co/aciOmpjrCI",0,1,9,0,Fri Dec 30 14:44:37 +0000 2022,0,False,False
https://x.com/Houdini7299/status/1608752652594339840,https://twitter.com/Houdini7299/status/1608752652594339840,1608752652594339840,أصبح مسلماً أم ملحداً يتوجب كسره في كافة الأحوال طالما أن ماضيه قذر كما تم ذكره لا رحمة على الجميع ولا توبة من الإتجار بالبشر والاغتصاب لا توبة مطلقاً يستحق أعظم من الكسر يستحق التعذيب الأبدي الموت له,0,0,2,0,Fri Dec 30 09:11:36 +0000 2022,0,False,True
https://x.com/albar_manal/status/1608587326745370625,https://twitter.com/albar_manal/status/1608587326745370625,1608587326745370625,كل التعليقات على صوري بدون فلتر ايجابية، ادري جميلة ما يحتاج. https://t.co/LATw743QuV,0,0,2,0,Thu Dec 29 22:14:39 +0000 2022,0,False,False
https://x.com/AbuArishOffice/status/1608455038338301959,https://twitter.com/AbuArishOffice/status/1608455038338301959,1608455038338301959,"القسم النسائي بـ #جمعية_دعوة_أبوعريش
يدعو الأخوات للاستماع للدرس العلمي الأسبوعي
 للداعية
🎙فاطمة بنت أحمد حامظي
بعنوان:
تفسير الزهراوين
اليوم الخميس ٥-٦-١٤٤٤هـ
📍عبر الرابط التالي:

((خاص بالنساء))
https://t.co/WIbFzve1xf
🔏رمز الدخول ( 1234)

⏰ يبدأ الدرس عند الساعة ٨:٠م",0,0,0,0,Thu Dec 29 13:28:59 +0000 2022,0,False,False
https://x.com/moh14301/status/1608973681522540544,https://twitter.com/moh14301/status/1608973681522540544,1608973681522540544,تصويت خاص لجمهور #الاتفاق هل تؤيدون عودة المدرب الوطني خالد العطوي,1,5,0,0,Fri Dec 30 23:49:53 +0000 2022,0,False,False
https://x.com/aabdulsalam9999/status/1741237180322738410,https://twitter.com/aabdulsalam9999/status/1741237180322738410,1741237180322738410,@s2daf مدري والله 😅 لو قلت ايه بكون نصاب ولو قلت لا بكون نصاب ولكن يبدو لي انه لا ، ع الله يجزاك خير وشهادة اعتز فيها,0,0,1,0,Sat Dec 30 23:17:49 +0000 2023,0,False,False
https://x.com/A_T_M22/status/1741228185767821590,https://twitter.com/A_T_M22/status/1741228185767821590,1741228185767821590,@Ciag_Misr777 حماس مين يا متخلف  يا مغيب انت ، دة إعلامهم والنتن بنفسه بيقولوا كدة ، هو النتن والقنوات الإسرائيلية بقت اخوان !!! هههههه 😂 غرد كأنك خروف.,0,0,1,0,Sat Dec 30 22:42:04 +0000 2023,0,False,False
https://x.com/mur_9k/status/1741207872606781627,https://twitter.com/mur_9k/status/1741207872606781627,1741207872606781627,كل ماتحس نفسك غبي تذكر اكو ناس اتشوف رونالدو احسن من ميسي🚶‍♂️,0,0,1,0,Sat Dec 30 21:21:21 +0000 2023,0,False,False
https://x.com/iaigh1/status/1741206951315251687,https://twitter.com/iaigh1/status/1741206951315251687,1741206951315251687,"@Gin1968798 @Lltma10 يعني انتّ الحين الاولى ولّا الثانية 😂😂😂😂😂😂😂😂😂😂😂😂😂😂😂😂😂😂😂😂😂😂😂😂😂😂😂😂
اقسم بالله غبي",0,1,0,0,Sat Dec 30 21:17:41 +0000 2023,0,False,False
https://x.com/iaigh1/status/1741205443370709427,https://twitter.com/iaigh1/status/1741205443370709427,1741205443370709427,@zainb_189 @Lltma10 شكلك غبي ما تفهم!,0,0,0,0,Sat Dec 30 21:11:42 +0000 2023,0,False,False
https://x.com/alabduli2030/status/1741197619219640697,https://twitter.com/alabduli2030/status/1741197619219640697,1741197619219640697,@lataam6 اي واحد في الكون يستهزي باالناس فهو تافة والا فيه خير وش تبون بالخلق متخافون الله نه يعاقبكم باعمالكم,0,0,0,0,Sat Dec 30 20:40:36 +0000 2023,0,False,False
https://x.com/uyg_p/status/1741193424789790968,https://twitter.com/uyg_p/status/1741193424789790968,1741193424789790968,@EdyCohen شوف كيف تدمرت الدبابة. هنا  الذهول والحيرة.  اتعظ يا غبي وبطا الكذب .,0,0,0,0,Sat Dec 30 20:23:56 +0000 2023,0,False,False
https://x.com/rahaf_et97/status/1741179963217269030,https://twitter.com/rahaf_et97/status/1741179963217269030,1741179963217269030,نتكلم عن هالشي؟ ترا الام و اخواته يكونو رافضينك و غير انه اللي بتاخذه ذا حيقول اخذ الكبيره لانه ما تطلب كثير و في كلام قذر للاسف سمعتها و صدمتني اخذ كبيره و مستعملة عشان ما اقدر على الجديدة و ياريتني ما سمعت الكلام القذر ذا لا يغرك الكم سنه حيخونك مع الاصغر و حيقولك يالعجوز,1,0,3,0,Sat Dec 30 19:30:27 +0000 2023,0,False,False
https://x.com/man63291762/status/1741177238857343475,https://twitter.com/man63291762/status/1741177238857343475,1741177238857343475,@falahsport حقه ويستحق قليل ادب,0,0,0,0,Sat Dec 30 19:19:37 +0000 2023,0,False,False
https://x.com/60878Saeed/status/1741172964731593155,https://twitter.com/60878Saeed/status/1741172964731593155,1741172964731593155,معشي الفااااااار النصراووووي طلع قليل ادب والفاضه بذيئه,0,0,0,0,Sat Dec 30 19:02:38 +0000 2023,0,False,False
https://x.com/Gh_9_1/status/1608975546528182276,https://twitter.com/Gh_9_1/status/1608975546528182276,1608975546528182276,"""لا أرغب في أي شيءٍ آخر، غير غزارة صوتك المتواصلة، ولا يُقاطعهُ شيء أبدًا""",0,0,3,0,Fri Dec 30 23:57:18 +0000 2022,0,False,False
https://x.com/Gh_9_1/status/1608973913236869120,https://twitter.com/Gh_9_1/status/1608973913236869120,1608973913236869120,عمّر الله في أيامي معك، لا غيّب الله صوتك ولا وجودك ومكانك فيني، آمين,0,0,2,0,Fri Dec 30 23:50:48 +0000 2022,0,False,False
https://x.com/GAlhjria/status/1608972684859428865,https://twitter.com/GAlhjria/status/1608972684859428865,1608972684859428865,"أنا عالمك واصحابك وانا الأحباب
وانا اللي دون عمرك ما أبي عمري 
.
تعال سولف عنّك .. بدون اسباب 
لو إن البرد .. غيّر صوتك الخمري 
.
لـ ضحكاتك وله في قلبي المرتاب
تمادى بالشعور اللي سكن صدري 
.
أنا ادري أحبك فوق الاستيعاب   
لكنْ شكثر احبّك ؟ إيه ما ادري https://t.co/BntCw2284r",0,0,6,0,Fri Dec 30 23:45:55 +0000 2022,0,False,False
https://x.com/joolitk177/status/1608954037667532800,https://twitter.com/joolitk177/status/1608954037667532800,1608954037667532800,المباراة الجاية لازم نفوز عشان كل العالم حيتفرج على الاتحاد والنصر ولو خسرنا حيكون فضيحه بجلاجل اف يارب نفوز🤣😔,0,0,0,0,Fri Dec 30 22:31:50 +0000 2022,0,False,False
https://x.com/911Abade/status/1608939606220894209,https://twitter.com/911Abade/status/1608939606220894209,1608939606220894209,"كلهم رفاق و معارف في درب الحياة ... إلّا من ينتشلك من حزنك ،  ، و يراهن على نجاتك و نجاحك ، و يحرص على سماع صوتك و رؤيتك بخير ... فهذا يُسمى ""عزيز الروح""..!",0,0,0,0,Fri Dec 30 21:34:29 +0000 2022,0,False,False
https://x.com/mmbarnawi/status/1608938913447710720,https://twitter.com/mmbarnawi/status/1608938913447710720,1608938913447710720,"تعاقد #كريستيانو_رونالدو مع #النصر عبارة عن فرصة تسويقية عظيمة جدا لما تحمله من قوة ناعمة تتواكب مع جهود وزارتي السياحة والثقافة.

مهما بلغت قيمة الصفقة المالية، إلا أنها تعتبر أقل بكثير مما قد يدفع للوصول لجمهور حديث ومتنوع من مختلف العالم.

""فالرياضة هيا القوة الناعمة الجديدة"" https://t.co/2sMEk494j1",1,1,8,0,Fri Dec 30 21:31:44 +0000 2022,0,False,False
https://x.com/almostashar678/status/1608938568055148544,https://twitter.com/almostashar678/status/1608938568055148544,1608938568055148544,خاص!!؟؟ https://t.co/W5BxyRFL4H,3,0,10,0,Fri Dec 30 21:30:21 +0000 2022,1,False,False
https://x.com/299fa__/status/1608935967511175169,https://twitter.com/299fa__/status/1608935967511175169,1608935967511175169,تهـون المـسافـات لامرنـي صـوتـك ❤️,0,0,2,0,Fri Dec 30 21:20:01 +0000 2022,0,False,False
https://x.com/FAlsudayri/status/1608932908546555904,https://twitter.com/FAlsudayri/status/1608932908546555904,1608932908546555904,"البلا كل مابي يفضح، شوقي لطلعة جبينه…
إن بدا لي منه ملمح، طاح قلبي في يمينه 🤍
..",0,0,0,0,Fri Dec 30 21:07:52 +0000 2022,0,False,False
https://x.com/salnahi/status/1741209873369481523,https://twitter.com/salnahi/status/1741209873369481523,1741209873369481523,"في عالم #الامن_السيبراني
مصطلح Recovery Improvement
( تحسين الاستعادة للخدمات والأنظمة التقنية ) بعد حدوث تهديد سيبراني او خلل أو فقدان يشمل التالي : 
- تحسين إجراءات النسخ الاحتياطي والاستعادة، وضمان سرعة الاستجابة في حالة الطوارئ لضمان استمرارية العمليات.
- تقييمًا دقيقًا لاحتياجات النظام واستراتيجيات
- تضمين التخزين السحابي في الاستراتيجيات لتحسين التوفر والوصول السريع للبيانات
- إجراء اختبارات دورية للاستعادة لضمان كفاءة النظام في مواجهة حالات الطوارئ. 
- تكرار البيانات وتشفيرها لتعزيز حمايتها أثناء عمليات النسخ الاحتياطي والاسترداد

#صالح_الناهي
 #CyberSecurityAwareness #cybersecuritytips #CyberSecurity 
#السيبراني",3,0,5,0,Sat Dec 30 21:29:18 +0000 2023,0,False,False
https://x.com/mmshkl/status/1741133101328191840,https://twitter.com/mmshkl/status/1741133101328191840,1741133101328191840,إستمطار السحب …. سرقه جديده,0,0,1,0,Sat Dec 30 16:24:14 +0000 2023,0,False,False
https://x.com/Abozed1970H/status/1542289481595756544,https://twitter.com/Abozed1970H/status/1542289481595756544,1542289481595756544,إيدي كوهين مرفوع ضغطه من نصاب 🤣,0,0,0,0,Wed Jun 29 23:30:41 +0000 2022,0,False,True
https://x.com/alp7e7/status/1542288932469080067,https://twitter.com/alp7e7/status/1542288932469080067,1542288932469080067,"كانت ليلة من اجمل ليالي عمري
شكراً قناة الواقع @waqietv 
شكراً لـ أخي / حسين ال لبيد @hooss8 

لـ اتاحه الفرصة لي لظهور على شاشة
هاذا الكيان العظيم 

وشكر خاص لجمهور هاذا الكيان العظيم
على كلامهم الطيب والمشجع

اتمنى اني كنت عند حسن الظن
والقادم اجمل بأذن الله

 #سكربت45",4,13,34,0,Wed Jun 29 23:28:30 +0000 2022,0,False,False
https://x.com/JasserX2/status/1542263045346709504,https://twitter.com/JasserX2/status/1542263045346709504,1542263045346709504,والله لا شفت بثوثك اتحمس لا  اليوم الثاني انت لك محتوى خاص فيك يجذب المشاهد لا شعورين 🫡❤️‍🔥#دربحه,0,0,2,0,Wed Jun 29 21:45:38 +0000 2022,0,False,False
https://x.com/fhzi9/status/1542230451934330880,https://twitter.com/fhzi9/status/1542230451934330880,1542230451934330880,اللي يبي يتطوع في الحج يجي خاص.. الله يكتب لنا الآجر و يكتب لكم,0,0,0,0,Wed Jun 29 19:36:07 +0000 2022,0,False,False
https://x.com/sara_3_3_3/status/1542210051712114688,https://twitter.com/sara_3_3_3/status/1542210051712114688,1542210051712114688,ي ليت بعض الناس يفهموا انو السنابات ما تنرسل خاص الا لو كانت شي ما ينفع عامة الناس يشوفوه .. مو عالفاضي والمليان🦦,1,1,0,0,Wed Jun 29 18:15:03 +0000 2022,0,False,False
https://x.com/ahuwidi/status/1542202546026156037,https://twitter.com/ahuwidi/status/1542202546026156037,1542202546026156037,"مسافر  الى #جورجيا 🇬🇪
لا يفوتكم👏
منتجع (Paragraph) 👌
في #شيكفيتيلي
من أجمل المنتجعات اللي زرتها🥰
فخامة وجمال يوجد بها مسبح جميل جداً وفخم وألعاب مائية وبوفيه مفتوح وجلسات مطلة على البحر وخدمات راقية
.
.
هنا جدول جورجيا فيه اكثر من كذا
وحتى سائق خاص👇
https://t.co/yyKYwR1qWs https://t.co/e5vPnACpcI",0,0,16,0,Wed Jun 29 17:45:14 +0000 2022,3,False,True
https://x.com/abdulla_o_batis/status/1542147995382292481,https://twitter.com/abdulla_o_batis/status/1542147995382292481,1542147995382292481,قد حصل 94 حرب قاموا بها عليك الوحده اعلنها علي عبد الله صالح شعب الجنوب هنود وصومال لو ان السياسيين العرب يفهمون الكلام اقفوا له ذاك اليوم وقالوا ارجع لمكانك مع الاسف سياسه العربيه ضايعه خاص في ذاك الوقت 94 نهايه الوحده وما بقى احتلال,0,0,0,0,Wed Jun 29 14:08:28 +0000 2022,0,False,True
https://x.com/iiGaber/status/1509163199010115584,https://twitter.com/iiGaber/status/1509163199010115584,1509163199010115584,انا كدا عرفت مصر  خسرت لي احنا اتعرضنا ل اكبر ابتزاز ف العالم ...! https://t.co/rnkc01X3nJ,0,0,0,0,Wed Mar 30 13:38:40 +0000 2022,0,False,False
https://x.com/a_z33/status/1508748662914039812,https://twitter.com/a_z33/status/1508748662914039812,1508748662914039812,"تهديد
ثم
سقوط https://t.co/lRk5PipfEZ",0,0,0,0,Tue Mar 29 10:11:27 +0000 2022,0,False,False
https://x.com/HaifAlb122/status/1508558614671331335,https://twitter.com/HaifAlb122/status/1508558614671331335,1508558614671331335,اشوف الخاص امتلاء شكلي بكتب اسماءكم هنا ههههههههههههه ابتزاز 🤣😂😜,0,1,5,0,Mon Mar 28 21:36:16 +0000 2022,0,False,False
https://x.com/a_z33/status/1508541690843471889,https://twitter.com/a_z33/status/1508541690843471889,1508541690843471889,"بدايتها تهديد
ويقسم انه لن يرحمه
كلام كبير وخطير

وبعد ساعة فقط 
 اعتذار وخروج من مأزق https://t.co/tnmWl0WGCS",0,0,1,0,Mon Mar 28 20:29:01 +0000 2022,0,False,False
https://x.com/M_Merghany/status/1508223034108395521,https://twitter.com/M_Merghany/status/1508223034108395521,1508223034108395521,"""الذين يهددون بالرحيل يريدون فقط أن يُطلب منهم البقاء.. أن يشعروا أن وجودهم مرغوب به.. الذين يريدون الرحيل حقا يرحلون دون تهديد.""",0,0,0,0,Sun Mar 27 23:22:47 +0000 2022,0,False,False
https://x.com/lawfares/status/1508103852695957511,https://twitter.com/lawfares/status/1508103852695957511,1508103852695957511,"""يقولون إنَّ مهمة الإعلام النزيه هي نقل الحقائق والوقائع كما هي ، بينما مانراه ونتابعه إنما هو مجرّد تحريف وتزييف لتلك الوقائع والحقائق،بالله أين ذلك الكائن الأسطوري الذين ينفق الملايين من أجل-فقط-أن ينقل للناس عبر شاشاته مايحدث دون تزييف أو تزوير؟ """,1,1,3,0,Sun Mar 27 15:29:12 +0000 2022,0,False,False
https://x.com/70ha9/status/1674561862011166721,https://twitter.com/70ha9/status/1674561862011166721,1674561862011166721,@seer12752145 @mo3ath_995 @AlsaeedFajer كلامك كله بالزباله ولا يؤخذ به ولاكن اجاوبك اكو فيديو لبابا الفاتيكان واكو فيديو اله يتوضاء واكو فيديو لسيد سعيد الحكيم ذني كلهن فيديوهات لسيد السيستاني لاكن سوالك تافه نفسك,0,0,0,0,Thu Jun 29 23:33:54 +0000 2023,0,False,False
https://x.com/yanbuo/status/1674559283659194370,https://twitter.com/yanbuo/status/1674559283659194370,1674559283659194370,@s111_12f تعال خاص,0,0,0,0,Thu Jun 29 23:23:39 +0000 2023,0,False,False
https://x.com/Why17877704/status/1674558989953032195,https://twitter.com/Why17877704/status/1674558989953032195,1674558989953032195,"@abcabcabc2022a @abkari2016 @Al_Sultan_Tariq @firass2012 @aboush1980_a @khalid_Adel16 @COACHSHIMAN @AbdullahBinSaa3 @binodaah_ @RAlgadeer احد النقاط التي شدتني بالمساحة كانت من الاخوان المتحدثين حيث انهم كانو راقين وواضحين بطرح الاسئلة دون اسقاط او اسفاف مما اعطى المساحة رونق خاص
شكراً لجميع من سأل من خلال المايك او ارسل سؤالة عبر الخاص
#الاتفاق
#مساحة_راعي_سوالف",4,3,4,0,Thu Jun 29 23:22:29 +0000 2023,0,False,False
https://x.com/shaheenaljenaid/status/1674554075164049410,https://twitter.com/shaheenaljenaid/status/1674554075164049410,1674554075164049410,"اهداء خاص للمضغوطين يعرفون نفسهم 👌

#فجر_السعيد 
@AlsaeedFajer 
ون ون ون استاذة فجر نمبر ون ✌️ https://t.co/MHSzIjklBC",0,0,1,0,Thu Jun 29 23:02:57 +0000 2023,0,False,False
https://x.com/c7etos/status/1674550782253846528,https://twitter.com/c7etos/status/1674550782253846528,1674550782253846528,@tasneem03461173 ربنا يسامحك 😔 بعتلك ١٠٠ نوع شكولاته وفلوس كتير كتير اوووي تقولي عني نصاب 🥹🥹,0,0,0,0,Thu Jun 29 22:49:52 +0000 2023,0,False,False
https://x.com/elsayyad_ayman/status/1674545395907665925,https://twitter.com/elsayyad_ayman/status/1674545395907665925,1674545395907665925,"@ahmed_nagar25 ده مش عالم موازى لا
ده حيوان بدون عقل خالص",0,0,1,0,Thu Jun 29 22:28:28 +0000 2023,0,False,False
https://x.com/ayaaeldawody/status/1674543144346562562,https://twitter.com/ayaaeldawody/status/1674543144346562562,1674543144346562562,"لو مش مفتقدين صوري في العيد يبقا انتو مش صحابي بصراحه👯‍♀️🧡
عيد سعيد علينا جميعا يولاد💓 https://t.co/zcVgTbzodf",1,7,91,0,Thu Jun 29 22:19:31 +0000 2023,1,False,False
https://x.com/MajedAlFahad/status/1674527207723507712,https://twitter.com/MajedAlFahad/status/1674527207723507712,1674527207723507712,"@hameedx1983 إذن أنت لك مسار خاص ☺️
وأمورك طيبة",0,0,0,0,Thu Jun 29 21:16:12 +0000 2023,0,False,False
https://x.com/besho1962_2/status/1674520222215045120,https://twitter.com/besho1962_2/status/1674520222215045120,1674520222215045120,"إن امرأة إستثنائية مثلك
تحتاج إلى كتبٍ تكتب لها وحدها
وحزنٍ خاص بها وحدها
وموتٍ خاص بها وحدها 
وزمنٍ بملايين الغرف
تسكن فيه وحدها
لكنني لا أستطيع أن أعجن الثواني
على شكل خواتم أضعها في أصابعك
فالسنة محكومةٌ بشهورها
فأيامي محكومة بتعاقب الليل والنهار
في عينيك البنفسجيتين",0,1,1,0,Thu Jun 29 20:48:26 +0000 2023,0,False,False
https://x.com/MajedAlFahad/status/1674508807232188431,https://twitter.com/MajedAlFahad/status/1674508807232188431,1674508807232188431,"@Lord_155 راح تكون مع العالم
لكن حاول تسجل بأفيس وتضيف حجزك لو تقدر ربما يكون لك مسار خاص بسبب العضوية مع اني اشك 🌺 
كم الوديعة
واي مطار لا هنت ؟

رحلة ممتعة",0,1,0,0,Thu Jun 29 20:03:05 +0000 2023,0,False,False
https://x.com/FnoonMarwan/status/1717315946065375457,https://twitter.com/FnoonMarwan/status/1717315946065375457,1717315946065375457,"في السعودية من نعم الله علينا انا ما عمري تعرضت للسرقة .. اروح لمقهى ومعي لاب توب اخليه على الطاولة وذهب لدورة المياه ما ينسرق .. اذا انت في مكان عام وتعرضت لي أي مضايقة الكل راح يفزع معك ..
يجيك واحد من شتات الرومان يفتح بث على التيك توك السعوطية ما فيها إمان وهو عايش في لندن لو",1,1,2,0,Wed Oct 25 23:03:22 +0000 2023,1,False,False
https://x.com/KevMiyy/status/1702502654574747976,https://twitter.com/KevMiyy/status/1702502654574747976,1702502654574747976,الاكس بوكس يبيله اشتراك والسوني يبيله اشتراك ونتفلكس يبيله اشتراك وش فيه بعد ما سرقوني به🙂,0,1,0,0,Fri Sep 15 02:00:38 +0000 2023,0,False,False
https://x.com/alrawi333/status/1683806428476088320,https://twitter.com/alrawi333/status/1683806428476088320,1683806428476088320,"الله يحفظهم ربعي وحده تقول طيبه ووحده تقول غبيه عشان سرقوني 

الحين الفكره في منو الغبي يتحرون 1000 و يوم طلع 1000 ونص كان التفاعل اكثر وردة الفعل اقوى 😂 ترا في كل الحالات انسرقت 😂🙃 يا ….؟!",0,0,0,1,Tue Jul 25 11:48:30 +0000 2023,0,False,False
https://x.com/ham63336/status/1675984737200922624,https://twitter.com/ham63336/status/1675984737200922624,1675984737200922624,"@aliyagob_PL سرقوني الحرامية خلوني ادفع اشتراك سنة كاملة عشان اخر شهر في الدوري
قلت ابي اشترك لو ست شهور ورفضوا الا سنة كاملة وصاملين ان الدوري بيبقى معهم وبعد اسبوع اخذته بي ان وراح اشتراكي خسارة",0,1,1,0,Mon Jul 03 21:47:54 +0000 2023,0,False,False
https://x.com/emadalireh/status/1675231122731540480,https://twitter.com/emadalireh/status/1675231122731540480,1675231122731540480,"@Mahmoud23345340 @KAboesraa عادي المشكلة ليست في وجود الشخص في الكعبة 
انا شخصيا تعرضت للسرقة امام الحجر الاسود",0,0,2,0,Sat Jul 01 19:53:18 +0000 2023,0,False,False
https://x.com/akramalwahabi_B/status/1669406911999950863,https://twitter.com/akramalwahabi_B/status/1669406911999950863,1669406911999950863,"المنشد سعد الغامدي .
عن ( النشيد الاهلاوي ) 

- جماهير الاهلي سرقوني !؟ 

- الي الآن لم يأخذ حقه من الاهلي .

- كيف يسطون على سرقة حقوق النشيد الخاص بمركز النور الصيفي !؟ 

- اناشد وزارة الإعلام !؟ 

(حسبنا الله ونعم الوكيل👇)
#الاهلي_طالع_من_الدرجة_الاولى https://t.co/RJxdgzH4LJ",0,0,0,0,Thu Jun 15 18:09:58 +0000 2023,0,False,False
https://x.com/sweetpiegurl/status/1669031703233404936,https://twitter.com/sweetpiegurl/status/1669031703233404936,1669031703233404936,"نزلت ستوري واثنين بوست بانستقرام وصارو يهاوشوني لاني مختفيه 
حطيتها فيكم 🫵🏻 قلت اهل تويتر سرقوني منكم🫵🏻",0,1,1,0,Wed Jun 14 17:19:01 +0000 2023,0,False,False
https://x.com/DubaiEngineeri3/status/1663975875728097283,https://twitter.com/DubaiEngineeri3/status/1663975875728097283,1663975875728097283,@Noha512388811 حرامية البنك سرقوني حسبنا الله ونعم الوكيل فيهم 😥,0,0,0,0,Wed May 31 18:28:58 +0000 2023,0,False,False
https://x.com/SU___1957/status/1654834760378728449,https://twitter.com/SU___1957/status/1654834760378728449,1654834760378728449,(في الحلوة حنا معاك . وفي المرة يكبر غلاك جمهورك دائم وراك . وراسنا دوووم عالي)رغم خسارة البطولة ما زال اسمك يا زعيم تاج على عرش القارة لعبنا واحنا مكبلين من الاتحاد السعودي ومرهق من ضغط المباريات ويكمل الناقص الاتحاد الاسيوي بحكامة المجرمين سرقوني ضربتين جزاء💦 #دوري_ابطال_اسيا https://t.co/3KorGJtaFn,2,0,6,0,Sat May 06 13:05:26 +0000 2023,1,False,False
https://x.com/khwlahalslall/status/1631486403535163392,https://twitter.com/khwlahalslall/status/1631486403535163392,1631486403535163392,اخوي المراهق اللي ماعمره ساق بحياته سرق سيارتي اليوم وانا مسافره آآآخ https://t.co/RYHhWOKww1,0,0,0,0,Fri Mar 03 02:47:24 +0000 2023,0,False,False
https://x.com/Abdulahalzhrane/status/1740391447596319049,https://twitter.com/Abdulahalzhrane/status/1740391447596319049,1740391447596319049,"ربع ساعه عدت بين الاتفاق والحزم 

لعب تافه لحد الان بالنسبه للـ #الاتفاق",0,0,0,0,Thu Dec 28 15:17:10 +0000 2023,0,False,False
https://x.com/m_matooq/status/1739722120807014443,https://twitter.com/m_matooq/status/1739722120807014443,1739722120807014443,حكم تافه جدًا,0,0,0,0,Tue Dec 26 18:57:30 +0000 2023,0,False,False
https://x.com/klooodalfdali/status/1741074624727716189,https://twitter.com/klooodalfdali/status/1741074624727716189,1741074624727716189,"لقد تعلمنا في المدرسة ونحن صغار أن السنبلة الفارغة ترفع رأسها في الحقل وأن الممتلئة بالقمح تخفضه فلا يتواضع إلا كبير ولا يتكبر إلا حقير !!
جر",0,0,0,0,Sat Dec 30 12:31:52 +0000 2023,0,False,False
https://x.com/mubarakalajme/status/1741074069062132036,https://twitter.com/mubarakalajme/status/1741074069062132036,1741074069062132036,"ساذج العقل من يقول لك أنت تافه!.. فلكل شيء في هذه الدنيا خطره مهما كان صغيرًا ضئيلاً.. ولقد تغير أنت الدنيا بأسرها..
عض",0,0,1,0,Sat Dec 30 12:29:40 +0000 2023,0,False,False
https://x.com/bavary_nary/status/1740387659988771317,https://twitter.com/bavary_nary/status/1740387659988771317,1740387659988771317,عالم نجس جبان حقير..لا يجبر خاطرنا فيه إلا أنه زائل وكلنا نلتقي عند الواحد الأحد,0,0,0,0,Thu Dec 28 15:02:07 +0000 2023,0,False,True
https://x.com/wayll_/status/1739732821684400353,https://twitter.com/wayll_/status/1739732821684400353,1739732821684400353,فابينهو قسم بالله عار مبدع من اليوم بعصها بشي تافه جدا,0,0,1,0,Tue Dec 26 19:40:02 +0000 2023,0,False,False
https://x.com/NawafSMuh/status/1739722511690920233,https://twitter.com/NawafSMuh/status/1739722511690920233,1739722511690920233,كورنادو كل سبّات القواميس ما توفيك حقك يا تافه,0,0,0,0,Tue Dec 26 18:59:03 +0000 2023,0,False,False
https://x.com/whenubloom/status/1376961315986620419,https://twitter.com/whenubloom/status/1376961315986620419,1376961315986620419,ولد خالتي تزوج الله لايوفقه تحرش فيني مليون مره وانا صغيره🥰,0,0,0,0,Tue Mar 30 18:15:35 +0000 2021,1,False,False
https://x.com/ayedalshamri/status/1376783810025697284,https://twitter.com/ayedalshamri/status/1376783810025697284,1376783810025697284,"صبحكم الله بالخير والعافية
#رمضان_المبارك
على الابواب
أنتبهو من المواد الغذائية المغشوشة وخاصة الاتية من دولة الامارات تروها كلها مضروبة ومغشوشة.
أنتبهو وأحذروا وحذروا https://t.co/UuI64vJY2k",0,0,0,0,Tue Mar 30 06:30:14 +0000 2021,0,False,False
https://x.com/Mohammed2345197/status/1376433041099403264,https://twitter.com/Mohammed2345197/status/1376433041099403264,1376433041099403264,كنت عارف أنه نصاب انتبهو منه https://t.co/E7W2hC1LG8,0,2,5,0,Mon Mar 29 07:16:24 +0000 2021,0,False,False
https://x.com/umlovaa/status/1376188648278917125,https://twitter.com/umlovaa/status/1376188648278917125,1376188648278917125,انتبهو بالله انتبهو من هذه الاشياء الله المستعان يا ربي نستجير بك يا رب https://t.co/m10aldMlPd,2,1,3,0,Sun Mar 28 15:05:16 +0000 2021,0,False,False
https://x.com/36yah55/status/1375384199012745219,https://twitter.com/36yah55/status/1375384199012745219,1375384199012745219,وصلت فيهم السرقات يسرقون سيناريوات الون ماسك,0,0,0,0,Fri Mar 26 09:48:41 +0000 2021,0,False,True
https://x.com/jeewwells/status/1375349919310098432,https://twitter.com/jeewwells/status/1375349919310098432,1375349919310098432,انتبهو على عيالكم من الشوارع، الشارع موب مكان بزران... وذا انخطفت من آدمي؟ اندعست بسياره؟ الموضوع ما وقف على كلباب ولا العتب عليها بس .. العتب عالاهل الي مخلين عيالهم سردادي مردادي بالشوارع.,1,0,0,0,Fri Mar 26 07:32:28 +0000 2021,0,False,True
https://x.com/_arxi1/status/1375002967162642432,https://twitter.com/_arxi1/status/1375002967162642432,1375002967162642432,انتبهو من الانفجار العظيم لأعصابي اذا طولت ساكته,0,0,1,0,Thu Mar 25 08:33:48 +0000 2021,0,False,False
https://x.com/rahafwq_/status/1374972072800174084,https://twitter.com/rahafwq_/status/1374972072800174084,1374972072800174084,انتبهو تتعدو حدودكم معايا وتجو تحاسبوني على اي كلمه اقولها 🦦,1,0,1,0,Thu Mar 25 06:31:02 +0000 2021,0,False,False
https://x.com/Al3almi39726952/status/1374835827277238275,https://twitter.com/Al3almi39726952/status/1374835827277238275,1374835827277238275,الله الله يا من تحبون الأمير عبد الرحمن بن سعود ابو خالد..... اليوم يومكم لا يتنصب احد فوق كرسي الراسه غير رجال النصر انتبهو وحذرو لأن النصر دوله ليس نادي يأتيه الغريب ويعبث فيه رجال النصر لاتكونو مثل بعض الانديه من جاه نصب على كرسيه الحذر الحذر يارجال النصر https://t.co/FOGHiQX8Z7,0,0,0,0,Wed Mar 24 21:29:39 +0000 2021,0,False,False
https://x.com/AnnoudM/status/1608593127509475329,https://twitter.com/AnnoudM/status/1608593127509475329,1608593127509475329,"أبوي مسوي لي ستيكر وله يومين كل مازانت الجلسة هددني يرسله بقروب العايلة  
حنية الأب 😭❤️😭",0,1,0,0,Thu Dec 29 22:37:42 +0000 2022,0,False,False
https://x.com/justjassim_dxb/status/1597165186355720193,https://twitter.com/justjassim_dxb/status/1597165186355720193,1597165186355720193,القبض على شخص اعتدى على رجل كبير بالسن في احدى المناسبات بسبب خلاف سابق. https://t.co/K1twYThbC0,0,0,0,0,Mon Nov 28 09:47:08 +0000 2022,0,False,True
https://x.com/fat12alshareef/status/1595976777624608768,https://twitter.com/fat12alshareef/status/1595976777624608768,1595976777624608768,المرأة تصل قوتها إلى أضعاف قوة الرجل  في مرحلتين الأولى : إذا أعتدي على أبنائها ،  والثانية : إذا كسرت كرامتها ..,0,0,2,0,Fri Nov 25 03:04:50 +0000 2022,0,False,False
https://x.com/_Tierney3/status/1595429683008798721,https://twitter.com/_Tierney3/status/1595429683008798721,1595429683008798721,زرفوني يالربع,0,0,0,0,Wed Nov 23 14:50:52 +0000 2022,0,False,True
https://x.com/LawyerAliSultan/status/1588111026259722242,https://twitter.com/LawyerAliSultan/status/1588111026259722242,1588111026259722242,""" يعاقب بالحبس كل من اعتدى على حق الموظفين العامين في العمل وذلك باستعمال القوة أو التهديد أو أية وسيلة غير مشروعة "". و ذلك وفقًا للمادة 232 من قانون العقوبات. #الإمارات_العربية_المتحدة #قانون #عقوبات",0,0,0,0,Thu Nov 03 10:09:08 +0000 2022,0,False,False
https://x.com/CapriNasir/status/1587026016274419712,https://twitter.com/CapriNasir/status/1587026016274419712,1587026016274419712,زرفوني الشركة البنفسجية للإتصالات ابشرك,0,0,0,0,Mon Oct 31 10:17:42 +0000 2022,0,False,True
https://x.com/JenanMoosh/status/1586887809310277632,https://twitter.com/JenanMoosh/status/1586887809310277632,1586887809310277632,لا أجيد الثرثره لذا لا أجيد المحافظه على بقاء أحدهم هددني برحيله ف ابتسمت فقط ..!,0,0,1,0,Mon Oct 31 01:08:31 +0000 2022,0,False,False
https://x.com/dowidar/status/1586102764890779648,https://twitter.com/dowidar/status/1586102764890779648,1586102764890779648,اتحاد الكرة يعلن إيقاف محمود كهربا وتغريمة 10 آلاف جنيه لأن شيكابالا اعتدى على جماهير الأهلي ورفض استيلام الميدالية,0,0,4,0,Fri Oct 28 21:09:02 +0000 2022,0,False,False
https://x.com/FMS_0/status/1375659868363878401,https://twitter.com/FMS_0/status/1375659868363878401,1375659868363878401,"اربع رواسخ إبداعية من إطلع عليها فإنه قد اكمل نصاب الإستمتاع في حياته 
1 مسرحية مدرسة المشاغبون 

2 اغنية صوتك يناديني "" محمد عبده "" 

3 مباراة برشلونة ومانشستر يونايتد 2011

4 كتاب رسائل إلى ميلينا 

#صباح_الخير",0,0,0,0,Sat Mar 27 04:04:05 +0000 2021,0,False,False
https://x.com/alhussainiOS/status/1375107782391762945,https://twitter.com/alhussainiOS/status/1375107782391762945,1375107782391762945,"إذا قال (حق إني سويت قروب ) اعرف إنه نصاب 😄

أترياه يضيفني في قروب بيع المالح 😆 https://t.co/Jk4bOdO7fQ",9,31,44,1,Thu Mar 25 15:30:18 +0000 2021,0,False,False
https://x.com/HADIFARAS/status/1375396766107975690,https://twitter.com/HADIFARAS/status/1375396766107975690,1375396766107975690,"الجميع بطل في الأكشششن .... فقط

في الحقيقة 

بصام 

كذاب

نصاب

من أنتم بصوت 

القذافي",0,0,0,0,Fri Mar 26 10:38:37 +0000 2021,0,False,False
https://x.com/xessa95/status/1375155805507481608,https://twitter.com/xessa95/status/1375155805507481608,1375155805507481608,نصاب,0,0,0,0,Thu Mar 25 18:41:07 +0000 2021,0,False,True
https://x.com/haji_z/status/1375131534500454405,https://twitter.com/haji_z/status/1375131534500454405,1375131534500454405,"الكل يشوف حالات النصب و انتحال الشخصيات.. مساكين ما تخلونهم يترزقون قبل رمضان😁😎😉

كل ما طلع نصاب جديد قعدتوا له و صكرتوا حسابه😂

المهم ذي وحدة ما عندها سالفة .. تقول انها زينب .. طرشوا لها صحن زلابية .. تستاهل 

https://t.co/MhzBuW5hsJ",6,7,26,0,Thu Mar 25 17:04:41 +0000 2021,0,False,False
https://x.com/manaayyash/status/1373260249189253121,https://twitter.com/manaayyash/status/1373260249189253121,1373260249189253121,#نادي_رنا_نصاب  حسبي الله عليكم بس,1,0,3,0,Sat Mar 20 13:08:52 +0000 2021,0,False,False
https://x.com/hassanalzhrani_/status/1608364534514712577,https://twitter.com/hassanalzhrani_/status/1608364534514712577,1608364534514712577,"مع قرب دخول السنة الميلادية 2023
يتفنن النصب والاحتيال 
وصلني اتصال من الرقم 0557087494
يدعي بأنه موظف بنك ويرغب في تحدث بياناتي 
مهما تعددت الطرق والأرقام الا أن البيانات التي تطلب منك هي المقياس الأساسي كي تتأكد بأنه نصاب ومحتال 👌
للعلم والاحاطة حسبي الله وكفى",0,0,2,0,Thu Dec 29 07:29:21 +0000 2022,0,False,False
https://x.com/ahmeed219/status/1607839865789366274,https://twitter.com/ahmeed219/status/1607839865789366274,1607839865789366274,نصابين متفقين مع بعض بلغ الشرطة,0,0,0,0,Tue Dec 27 20:44:30 +0000 2022,0,False,True
https://x.com/sushi_hussein/status/1606937511364014083,https://twitter.com/sushi_hussein/status/1606937511364014083,1606937511364014083,الا يوجد علم يستطيع ان يضع اصوات من نحب في اقراص دواء نتناولها سرا  عندما نصاب بالحنين؟!,0,0,0,0,Sun Dec 25 08:58:52 +0000 2022,0,False,False
https://x.com/AAljaber81/status/1608891666756431874,https://twitter.com/AAljaber81/status/1608891666756431874,1608891666756431874,ان بهمن نصاب,0,0,0,0,Fri Dec 30 18:23:59 +0000 2022,0,False,True
https://x.com/mohamadfathy82/status/1607210839538286598,https://twitter.com/mohamadfathy82/status/1607210839538286598,1607210839538286598,احذروا نصابين الإستثمار https://t.co/ye2XznTvZG,0,0,0,0,Mon Dec 26 03:04:59 +0000 2022,0,False,False
https://x.com/hilal_fbc/status/1606130681620332544,https://twitter.com/hilal_fbc/status/1606130681620332544,1606130681620332544,"مثل الحسابات هذي مدري كيف يصدقونها العالم!!؟
ياخوان والله واضح انه نصاب الـ 🐶 
#امتحان_الجيولوجيا_تعجيزي #يوم_الجمعة 
https://t.co/TzNc1JHvnE",0,0,0,0,Fri Dec 23 03:32:49 +0000 2022,0,False,False
https://x.com/HyAlhzm/status/1605602075039059968,https://twitter.com/HyAlhzm/status/1605602075039059968,1605602075039059968,"📮 مـﻧـــ الخاصــ 📩 
السلام عليكم ابي مدرس  لمادة رياضيات  حصتين بالاسبوع  ومبلغ معقول ويجي للبيت.

⚠️تحذير : الي يقول لك تواصل واتساب أو خاص وادفع عربون أو عقد ويعطيك رابط سداد أو أبشر (نصابين ) التواصل يكون بإتصال والدفع كاش. (لا تفتحون روابط ).",0,87,20,0,Wed Dec 21 16:32:19 +0000 2022,0,False,False
https://x.com/Previtte/status/15482084218904576,https://twitter.com/Previtte/status/15482084218904576,15482084218904576,سمعتم عن واحد ضرب في راسه برج.  ترا مو انا — at Burj Rafal http://gowal.la/c/393jS,0,0,0,0,Thu Dec 16 19:03:11 +0000 2010,0,False,False
https://x.com/iHattan/status/9872372148469760,https://twitter.com/iHattan/status/9872372148469760,9872372148469760,وأخييييييرا ... شركة المراعي تقرر ذبح بقرتها .... مبروكعلى اللوجو الجديد http://plixi.com/p/60252577,0,0,0,0,Wed Dec 01 07:32:11 +0000 2010,0,False,False
https://x.com/bu_5alid/status/1573205441511424,https://twitter.com/bu_5alid/status/1573205441511424,1573205441511424,RT @ajilbahrain: الكبرى الجنائية تحكم بسجن 5 متهمين من 3 إلى 5 سنوات في قضية الشروع في قتل احد رجال الشرطة بالسهلة.  التفاصيل الكاملة.,0,0,0,0,Mon Nov 08 09:54:16 +0000 2010,0,False,False
https://x.com/bu_5alid/status/25623868105,https://twitter.com/bu_5alid/status/25623868105,25623868105,"RT @About_elbader: لي متى ذبح العرب عندك حلال؟ تابت العالم , متى عينك تتوب؟ http://myloc.me/cuNjj",0,0,0,0,Sun Sep 26 21:05:20 +0000 2010,0,False,False
https://x.com/5UIl8/status/550076165298597888,https://twitter.com/5UIl8/status/550076165298597888,550076165298597888,"أضحك وكبدي عليهآ مثل ضرب آلسهوم
وآلنفوس آلقآنعه . . . سرّهآ بـ أعمآقهآ !",3,0,1,0,Tue Dec 30 23:49:12 +0000 2014,0,False,False
https://x.com/5UIl8/status/550074611795120128,https://twitter.com/5UIl8/status/550074611795120128,550074611795120128,"تدري وش آللي ذبح قلبي من آلحره
             آنك تراقبني ولاتسأل .. عن آحوالي 💔",7,0,2,0,Tue Dec 30 23:43:02 +0000 2014,0,False,False
https://x.com/ElwatanNews/status/550070425976573953,https://twitter.com/ElwatanNews/status/550070425976573953,550070425976573953,"#الوطن | ""عقب سيجارة"" يتسبب في حرق سيارتين بكفرالزيات في #الغربية  http://t.co/1MorsY5LI2",67,0,1,0,Tue Dec 30 23:26:24 +0000 2014,0,False,False
https://x.com/y_r_rr/status/550063269017157632,https://twitter.com/y_r_rr/status/550063269017157632,550063269017157632,"ليه توجعني بحكيك القاتل 
                  كنت بدنياي غير البشر 
كنت يا هيه احبه وقتل
                   قتل احلا شعور يابشر 

قلم &amp; عزف",1,1,1,0,Tue Dec 30 22:57:57 +0000 2014,0,False,False
https://x.com/As1224972872/status/550058779987804160,https://twitter.com/As1224972872/status/550058779987804160,550058779987804160,نفسي اعرف ليش ناصرالشمراني يوم كان في الوحده والشباب ماعنده مشاكل الا يوم راح الهلال ضرب سكرتي العثيم وتفل لاعب سدني,0,0,0,0,Tue Dec 30 22:40:07 +0000 2014,0,False,False
https://x.com/Salem01767986/status/550057746733617152,https://twitter.com/Salem01767986/status/550057746733617152,550057746733617152,من قتل نفسان متقصدن كناه قتال جميع @ النفس          سبحان الله تعال http://t.co/oIz5zEZNBp,0,0,1,0,Tue Dec 30 22:36:01 +0000 2014,0,False,False
https://x.com/ElwatanNews/status/550056268015337472,https://twitter.com/ElwatanNews/status/550056268015337472,550056268015337472,#الوطن | السجن 5 سنوات لإخواني بتهمة حرق قسم القرين وبراءة 15 آخري http://t.co/ymMgAP442r,88,0,2,0,Tue Dec 30 22:30:08 +0000 2014,0,False,False
https://x.com/f0ffcc8d505e41b/status/550051368719749120,https://twitter.com/f0ffcc8d505e41b/status/550051368719749120,550051368719749120,"ﻳـﺎﻟـﻠـﻲ ﺗﺒﻴﻊ ﺍﻟـﻮﺭﺩ ﻷﻫﻞ ﺍﻟﻤﻮﺍﻋﻴﺪ 
      ﻋﻄﻨﻲ ﻣـﻦ ﺍﻟﺠـﻮﺭﻱ ﺛﻤﺎﻧﻴﻦ ﺳﻠـﻪ 
ﻟﻠﻲ ﺧﻄﻒ ﻗﻠﺒﻲ ﻭﺷﻮﻓﺘﻲ ﻟﻪ ﻋﻴﺪ 
      تـﺴﺘﺎﻫﻞ ﺍﻟﻠـﻲ ﺑـﺎﻟـﺒــﺴـﺎﺗـﻴـﻦ ﻛﻠ""",0,0,0,0,Tue Dec 30 22:10:40 +0000 2014,0,False,False
https://x.com/ElwatanNews/status/550047766849007619,https://twitter.com/ElwatanNews/status/550047766849007619,550047766849007619,#الوطن | المؤبد لـ 24 من كوادر الإخوان بتهمة حرق قسم القرين بـ #الشرقية  http://t.co/1HV4aBXXAt,89,0,2,0,Tue Dec 30 21:56:21 +0000 2014,0,False,False
https://x.com/m2222mb/status/550046283352662017,https://twitter.com/m2222mb/status/550046283352662017,550046283352662017,اهم حدث في عام 2014 هو ضرب وسب ناصر الشمراني للي مشجع وطالب سعودي في استراليا,0,0,0,0,Tue Dec 30 21:50:27 +0000 2014,0,False,False
https://x.com/ShahidVOD/status/1987958437918003401,https://twitter.com/ShahidVOD/status/1987958437918003401,1987958437918003401,"حوار دهس الخواطر
طلال صريح ونغم مكسورة وما تعرف ايش تقول😞💔 
 
#المرسى
يعرض الآن
مجاناً وبدون اشتراك
على
#Shahid
#حكايات_لا_تنتهي 
 
https://t.co/tjBPNIJtb1 https://t.co/wvLwAmQQLx",0,0,0,0,Mon Nov 10 19:00:00 +0000 2025,0,False,False
https://x.com/b_alqb/status/1987958181214265769,https://twitter.com/b_alqb/status/1987958181214265769,1987958181214265769,"البارحه نو وسنا بدر وسمور
وتبادل اطراف الحديث بحراره

جات السوالف كنها ورد منثور
وراحت مثل شيخٍ ذبِح وسط غاره

لكن بعد ماصار للسالفه دور
ياليت عندي للظروف استماره

صديت من قبل الشفق يسبق النور
ماكان عندي للتغاضي مهاره

موضوعي اللي قدله اكثر من شهور
محتاج اصلي له صلاة استخاره 

ان اتقيت وبان مانيب معذور 
وان ما اتقيت وبان ماهو خساره

ماني بخايف نزف احاسيس وشعور
اخاف من شرهة وريث الاماره",0,0,1,0,Mon Nov 10 18:58:59 +0000 2025,0,False,False
https://x.com/MasarMedia24/status/1987956718932795461,https://twitter.com/MasarMedia24/status/1987956718932795461,1987956718932795461,"أقدم القيادي الحـ ـوثي ""أحمد عبده عبدالله سالم"" على قتل المواطن ""فيصل علي محمد سعيد"" رمياً بالرصاص أمام أسرته في عزلة الأقحوز بمديرية جبل راس، جنوب شرق الحديدة، عقب جدال حول محتوى ""ملازم"" حسين الحـ ـوثي التي يُدرّسها في المدرسة. 

الجريمة وقعت بعد أن ضرب نجل الضحية وتبعه إلى منزله، حيث تطور النقاش إلى تهديد ثم تنفيذ للقتل. وبحسب الصحفي عبدالحفيظ الحطامي، فإن القـ ـاتل أُطلق سراحه بعد ساعة من قبل المليشـ ـيا دون اتخاذ أي إجراء قانوني بحقه، رغم سوابقه في الترويع والابتزاز.

#مسار_أخبار
#مسار",0,0,0,0,Mon Nov 10 18:53:10 +0000 2025,0,False,False
https://x.com/c_78r/status/1987956456642277412,https://twitter.com/c_78r/status/1987956456642277412,1987956456642277412,"ربعي الاد المويهي طويلي ن العمار
روس علوى مقدم الجيش لاهاب الذليل

يومها ب مصاقل الشلف ولا ف القصار
انشد الحكام عنا وتعطيك الدليل

لا تغيباا وانت تدري ب مجدي له شرار
سطر التاريخ لعيونناا ضرب الصقيل

يرحم الله روح فيصل و مثال و نهار 
ويرحم الله روح ربعي مافيهم من عميل ،",0,0,1,0,Mon Nov 10 18:52:08 +0000 2025,0,False,False
https://x.com/maherayd25/status/1987955401191522745,https://twitter.com/maherayd25/status/1987955401191522745,1987955401191522745,"الطول 65 سم.

""مارك 1"" هو سلاح فعّال ومنخفض التكلفة، مصمم لتدمير أسراب الطائرات المُسَيَّرة. يعمل هذا السلاح بالذكاء الاصطناعي، ويمتاز بقدرة عالية على إصابة الهدف (الدرون) بأدنى تكلفة ممكنة.

خبراء يتوقعون القضاء على تهديد المُسَيَّرات في الفترة القادمة.
#المسيرات 
#السعودية https://t.co/b1XOzGbN6t",0,0,0,0,Mon Nov 10 18:47:56 +0000 2025,0,False,False
https://x.com/Raouia1204/status/1987954713669890533,https://twitter.com/Raouia1204/status/1987954713669890533,1987954713669890533,"🔥 حرق الأسعار من محل الصفقة الرابحة داخل معرض إكسبو خورفكان
العروض مستمرة لغاية 23 نوفمبر
⏰ مواعيد العمل من الساعة 11 صباحا ولغاية 11 ليلا

استفيدوا من أقوى التخفيضات والصفقات اللي ما تتكرر. تجهيزات، احتياجات، هدايا وكل شي بسعر ما ينفوت. فرصة ذهبية للكل في خورفكان https://t.co/Ck4Rjflizj",0,0,0,0,Mon Nov 10 18:45:12 +0000 2025,0,False,False
https://x.com/Raouia1204/status/1987954620329848999,https://twitter.com/Raouia1204/status/1987954620329848999,1987954620329848999,"🔥 حرق الأسعار من محل الصفقة الرابحة داخل معرض إكسبو خورفكان
العروض مستمرة لغاية 23 نوفمبر
⏰ مواعيد العمل من الساعة 11 صباحا ولغاية 11 ليلا

استفيدوا من أقوى التخفيضات والصفقات اللي ما تتكرر. تجهيزات، احتياجات، هدايا وكل شي بسعر ما ينفوت. فرصة ذهبية للكل في خورفكان https://t.co/QB90xwQVsd",0,0,0,0,Mon Nov 10 18:44:50 +0000 2025,0,False,False
https://x.com/Raouia1204/status/1987954607101014477,https://twitter.com/Raouia1204/status/1987954607101014477,1987954607101014477,"🔥 حرق الأسعار من محل الصفقة الرابحة داخل معرض إكسبو خورفكان
العروض مستمرة لغاية 23 نوفمبر
⏰ مواعيد العمل من الساعة 11 صباحا ولغاية 11 ليلا

استفيدوا من أقوى التخفيضات والصفقات اللي ما تتكرر. تجهيزات، احتياجات، هدايا وكل شي بسعر ما ينفوت. فرصة ذهبية للكل في خورفكان https://t.co/2f84RG60wo",0,0,0,0,Mon Nov 10 18:44:47 +0000 2025,0,False,False
https://x.com/Deabihe/status/1987954485843378625,https://twitter.com/Deabihe/status/1987954485843378625,1987954485843378625,قديمًا، كانت لفظة «عقدة الخصاء» تُحال مباشرةً إلى رأي فرويد القائل: إن خوف الطفل الذكر، في لاوعيه، من أن يُستأصل قضيبه إنما ينشأ عن رغبته المكبوتة في أمه؛ وذلك أما نتيجة لملاحظته الفروق الجسدية بينه وبينها، أو لسماعه تهديد والده ووعيده، مما يرى فيه تلميحًا سلطة أبيه وعقابه.,0,1,1,1,Mon Nov 10 18:44:18 +0000 2025,0,False,True
https://x.com/foodpaper1/status/1987954463668400558,https://twitter.com/foodpaper1/status/1987954463668400558,1987954463668400558,"من يوم تعرف على ورق زبدة ""فود بيبر""، صار الطبخ راحة مو مغامرة 👩🏻‍🍳✨

لا حرق، ولا لزق، ولا مفاجآت آخر لحظة 😅

اختار الراحة... واختار ""فود بيبر"" 💛
#فود_بيبر #فود_بيبر_بريميوم #المطبخ_السعودي #جودة_تستاهل #ورق_الزبدة https://t.co/nmBswXLZpM",0,0,0,0,Mon Nov 10 18:44:13 +0000 2025,0,False,False
https://x.com/Deabihe/status/1987954485843378625,https://twitter.com/Deabihe/status/1987954485843378625,1987954485843378625,قديمًا، كانت لفظة «عقدة الخصاء» تُحال مباشرةً إلى رأي فرويد القائل: إن خوف الطفل الذكر، في لاوعيه، من أن يُستأصل قضيبه إنما ينشأ عن رغبته المكبوتة في أمه؛ وذلك أما نتيجة لملاحظته الفروق الجسدية بينه وبينها، أو لسماعه تهديد والده ووعيده، مما يرى فيه تلميحًا سلطة أبيه وعقابه.,0,1,0,1,Mon Nov 10 18:44:18 +0000 2025,0,False,True
https://x.com/ALYASI_MBRMJ/status/1987953722044080461,https://twitter.com/ALYASI_MBRMJ/status/1987953722044080461,1987953722044080461,"📰 خبر جديد!

العنوان: يبدأ التوحيد في ضرب سوق ائتمان الكربون

الملخص: أعلنت شركة Carbon Direct، وهي شركة ناشئة لإدارة الكربون، عن شراء شركة ناشئة أخرى لائتمان الكربون، وهي Pachama، حسبما أعلنت الشركات اليوم.

 قامت شركة باتشاما بتسريح حوالي 20 موظفًا هذا الصيف مع تراجع أسواق الكربون الطوعية.  وقد اجتذبت الشركة استثمارات من مجموعة من الأسماء البارزة، بما في ذلك Amazon'…

🔗 الرابط: https://t.co/pIiRDPAUnx

📅 التاريخ: الاثنين، 10 نوفمبر 2025 في 08:29 م
🤖 المصدر: TechCrunch

#خبر_جديد_121 #أخبار_التقنية #الذكاء_الاصطناعي #ميتا",0,0,0,0,Mon Nov 10 18:41:16 +0000 2025,0,False,False
https://x.com/noufotb99/status/1987952398468600243,https://twitter.com/noufotb99/status/1987952398468600243,1987952398468600243,تقليص المحليين +احتراف لاعبين الهلال+تصريح التحديات +عدم دعم الهلال +نقاط العروبه عطوها النصراثمرت بتتويج الاتحاد والاهلي وكانوا يبغون النصرياخذ مقعد اسيوي والهلال يطلع بدوا الدوري بقتل المنافسه تضبيط النصر ليكون البطل جدوله سهله جدا نجوم وميزانيته مفتوحه صعوبه جدول الهلال#الهلال,0,0,0,0,Mon Nov 10 18:36:00 +0000 2025,0,False,False
https://x.com/Ohoudy_Aleanzi/status/1741245173533667730,https://twitter.com/Ohoudy_Aleanzi/status/1741245173533667730,1741245173533667730,"لا تضر الروح منَت بعدوٍ لي
ما أذكر خلٍ قتل بالهوى خلّه !",0,1,3,0,Sat Dec 30 23:49:34 +0000 2023,0,False,False
https://x.com/al_rashdi469/status/1741191439613403151,https://twitter.com/al_rashdi469/status/1741191439613403151,1741191439613403151,"والهجرُ أقتلُ لي مما أراقبُهُ
   أنا الغريقُ فما خوفي من البلَلِ
😴♥️",0,0,2,0,Sat Dec 30 20:16:03 +0000 2023,0,False,False
https://x.com/gotholyrei/status/1741190751852036304,https://twitter.com/gotholyrei/status/1741190751852036304,1741190751852036304,اززقق شعوورر ابا! اقتل! نفسي!,0,0,0,0,Sat Dec 30 20:13:19 +0000 2023,0,False,True
https://x.com/alghanm20/status/1741168135208681901,https://twitter.com/alghanm20/status/1741168135208681901,1741168135208681901,"#فتاوى_السيرة
212) لماذا عفا رسول الله صلى الله عليه وسلم عن أهل مكة، وأمر بقتل مقاتلي بني قريظة؟
الجواب: 👇
https://t.co/kqHiki7hdK",1,4,4,0,Sat Dec 30 18:43:27 +0000 2023,1,False,False
https://x.com/kk203020/status/1741160901963563352,https://twitter.com/kk203020/status/1741160901963563352,1741160901963563352,بلنتي صحيح ضرب الوجه #النصر_التعاون,0,0,0,0,Sat Dec 30 18:14:42 +0000 2023,0,False,False
https://x.com/essamfarahat25/status/1741147746487185874,https://twitter.com/essamfarahat25/status/1741147746487185874,1741147746487185874,"#عصاميات
علي جبر؟
احمد سامي؟
اسامة جلال؟
في قائمة دفاع منتخب مصر
هو فيه تهديد بقطع الإستثمارات ولا إيه
دفاع بيراميدز دخل فيه 9 اجوال في 8 ماتشات في الدوري ودخل فيه 3 اجوال في 4 ماتشات في أفريقيا
فيتوريا بيقول اختياراتى فى خط الدفاع تناسب تفكيرى😂
ربنا يستر
امنعوا الضحك😂 https://t.co/KYXcTDl4km",15,34,129,3,Sat Dec 30 17:22:26 +0000 2023,0,False,False
https://x.com/rashid_said858/status/1741144752995647505,https://twitter.com/rashid_said858/status/1741144752995647505,1741144752995647505,"#طفوا_الكاميرات
#الشهيد_الساجد 
.
.
فلستُ أُبالي حِينَ أُقتَلُ مُسلِماً،،
على أيِّ جَنْبٍ كانَ في اللهِ مَصرَعي..

قل لي بالله كيف ستبعث ، ؟!
محاربا .. شهيدا .. مكبرا .. ساجدا،،
🇵🇸 https://t.co/Dtu6Eyhhrh",0,0,0,0,Sat Dec 30 17:10:32 +0000 2023,0,False,False
https://x.com/Yazeed4477/status/1741085297054523677,https://twitter.com/Yazeed4477/status/1741085297054523677,1741085297054523677,"وكلما قتل أحد أحلامنا يموت جزء حتّى يأتي الموت الأكبر ليجد كل الأجزاء ميّتة فيأخذها ! - خالنويف
هق",0,0,0,0,Sat Dec 30 13:14:17 +0000 2023,0,False,False
https://x.com/Hossam_bk1990/status/1741077564519534620,https://twitter.com/Hossam_bk1990/status/1741077564519534620,1741077564519534620,"ابن القيم الجوزية [ما ضرب عبد بعقوبة أعظم من قسوة القلب. ]
فت",0,0,0,0,Sat Dec 30 12:43:33 +0000 2023,0,False,False
https://x.com/ii_5ux/status/1476702947597860871,https://twitter.com/ii_5ux/status/1476702947597860871,1476702947597860871,عايز اشكر نفسي علي ان هي سكتت كتير علي ناس تستهال ضرب الجزم 👌,0,0,0,0,Thu Dec 30 23:53:13 +0000 2021,0,False,False
https://x.com/OmarASH22643980/status/1476685270640738311,https://twitter.com/OmarASH22643980/status/1476685270640738311,1476685270640738311,امبارح كان عباره عن عاركه عليا من أطفال البيدو و الدكاتره و بتوع الصيانه و انا مفروض ا manage  العيان الى جاى من ٧ الصبح و النواب المحنكه الى ملهمش فيها و اطلع شغل جامد من ٧ الصبح ل ٣ العصر فى العركه ديه و حاله متحوله من سنه ٥ عشان عرفت اسيطر ع امه و اشتغله و ضرب يا مولانا للركب,0,0,0,0,Thu Dec 30 22:42:58 +0000 2021,0,False,False
https://x.com/Garnii/status/1476648126534533120,https://twitter.com/Garnii/status/1476648126534533120,1476648126534533120,الي جالس اسويه الحين هو حرق جدولي كـ شايب متقاعد ، منسدح عالكنبه وعليّ لحاف ومعي اكبر كاسه شاهي ممكن تشوفها وآكل معجنات واتابع وثائقي الين تبدأ مباراة مانشستر يونايتد https://t.co/1cBoe4guDS,0,1,1,0,Thu Dec 30 20:15:22 +0000 2021,0,False,False
https://x.com/Hudarobinhood/status/1476647530058375171,https://twitter.com/Hudarobinhood/status/1476647530058375171,1476647530058375171,العمى شو هالاجرام بندقيه وعصا ونازلين ضرب فيهم وهم عزل وكمان بيمنعهم يقعدوا عالكرسي؛ الذليل بيبقى طول عمره ذليل.,0,0,0,0,Thu Dec 30 20:13:00 +0000 2021,0,False,True
https://x.com/owais_abdulaziz/status/1476641193287114753,https://twitter.com/owais_abdulaziz/status/1476641193287114753,1476641193287114753,"سوء مستوى الانتاج الفني و المسرحي بالكويت وصل الى درجة السخرية من جريمة قتل و استخدامها قطه للضحك و المانع يقول ( فطس ومات ) ..!! 

#الشحاتين",0,0,0,0,Thu Dec 30 19:47:49 +0000 2021,0,False,False
https://x.com/RoyalMalaki/status/1476610517884194817,https://twitter.com/RoyalMalaki/status/1476610517884194817,1476610517884194817,بسنا مطبلين ومنافقين النادي في انهيار جماعي وانتوا تستخدمون شبيحة التوتر في ضرب محبين النادي ، لاعبينك او بالاحرى محترفينك حتى بالبانيو يغرقون لا تكابرون ابتعدوا راح الكل يصفق لكم ولا يوم بعد راح تبتعدون عن جماهير ومحبين نادي الوطن,0,0,1,0,Thu Dec 30 17:45:56 +0000 2021,0,False,False
https://x.com/AydaNews/status/1476606495148158979,https://twitter.com/AydaNews/status/1476606495148158979,1476606495148158979,نبيه بري  حليف حزب الله حاليا قال سابقاً  عن التاريخ الدموي للحزب أيام الحرب الأهلية: قتلوا من قادة أمل أكثر مما قتلت اسرائيل. لكن الحزب قتل من العرب في سوريا ولبنان والعراق واليمن أضعاف ما قتلت إسرائيل من كل العرب في ٧٣ سنة https://t.co/LiqM9D3MaA,154,23,324,4,Thu Dec 30 17:29:57 +0000 2021,7,False,False
https://x.com/MJxox6/status/1476521781376733194,https://twitter.com/MJxox6/status/1476521781376733194,1476521781376733194,كأني لم أجد شيئا أقتل به نفسي .. فأحببتك,0,0,0,0,Thu Dec 30 11:53:19 +0000 2021,0,False,False
https://x.com/hosensadam75/status/1476487349043355651,https://twitter.com/hosensadam75/status/1476487349043355651,1476487349043355651,"الجماعة اللي جرّبوا الزواج 
صحيح فيّ ضرب بالمخدات وريش نعام بيتطاير ولا إشاعات ؟

#قدموا_نصيحه_للمقبلين_على_الزواج ؟",0,3,5,0,Thu Dec 30 09:36:30 +0000 2021,0,False,False
https://x.com/defalla62215/status/1476474883928379395,https://twitter.com/defalla62215/status/1476474883928379395,1476474883928379395,نعم صدقت اختلاط انساب بعض الاعراب من الشام والعراق خصوصًا اصبحوا مجوساً اكثر من المجوس لدرجة قتل الاطفال والنساء وهتك الاعراض والدليل ما حدث ويحدث في سجون النساء في العراق وسوريا ليس لديهم مرؤه ولا شهامة,0,0,1,0,Thu Dec 30 08:46:58 +0000 2021,0,False,True
https://x.com/AydaNews/status/1344406081712353282,https://twitter.com/AydaNews/status/1344406081712353282,1344406081712353282,"هل تتحدث وسائل الإعلام اليسارية عن الصحفي الامريكي الذي قتل في جنوب السودان ؟ 
 هل نطقوا بكلمة إدانة ضدالصين الشيوعية لأنهم قاموا بسجن صحفية لمدة 4 سنوات لأنها تجرأت بالإبلاغ عن فيروس كورونا او سجن  10 من مواطني هونغ كونغ لمدة 3 سنوات لأنهم حاولوا الفرار إلى تايوان .",0,1,45,0,Wed Dec 30 22:12:42 +0000 2020,0,False,False
https://x.com/M3j_07/status/1344405458363314184,https://twitter.com/M3j_07/status/1344405458363314184,1344405458363314184,"يعطيك نصايح عن طريقة حرق الدهون
وهو الصبح يطلب

٥ ربيات جباتي
٥ ربيات سمبوسه جبن
ربيتين الو",0,1,8,0,Wed Dec 30 22:10:13 +0000 2020,0,False,False
https://x.com/AlbaramiMohamed/status/1344381002614009857,https://twitter.com/AlbaramiMohamed/status/1344381002614009857,1344381002614009857,علموا اولادكم  الشجاعة والمرجله وليس اساليب وطرق الحصول على  مساعدات الديوان .. ومن ثم خنق المواطنين اذا صاروا مسؤولين https://t.co/Tsh9oi3NA9,1,1,17,0,Wed Dec 30 20:33:03 +0000 2020,0,False,False
https://x.com/SafiaElkuraly/status/1344378572400697352,https://twitter.com/SafiaElkuraly/status/1344378572400697352,1344378572400697352,"أعلن للأمة العربية الإسلامية والعالم أن الوالد د. سلمان العودة يخضع لعملية قتل بطيء داخل السجن في الرياض، حيث التدهور المخيف لصحته في الأشهر الأخيرة والإهمال الطبي الشديد!
ونحن نحمّل السلطات المسؤولية الكاملة 
عن كل مايحصل للوالد
د عبدالله العوده
#لاتقتلوا_سلمان_العودة",0,0,0,0,Wed Dec 30 20:23:23 +0000 2020,0,False,False
https://x.com/sukinameshekhis/status/1344366576238284803,https://twitter.com/sukinameshekhis/status/1344366576238284803,1344366576238284803,"في  #تفجير_مطار_عدن قُتل موظف من الصليب الأحمر و أصيب آخرين ، هؤلاء ليسوا طرفاً في الحرب بل حمائم سلام جاؤوا من أجل تضميد جروح خلفتها الحرب !
لروح كل من استشهد اليوم في هذا الحادث الأرهابي السلام و الرحمة .",36,10,207,0,Wed Dec 30 19:35:43 +0000 2020,0,False,False
https://x.com/nadrelsawy7/status/1344355731735195651,https://twitter.com/nadrelsawy7/status/1344355731735195651,1344355731735195651,"شركة مكافحة الحمام والطيور بالرياض تركيب اشواك وشبوك طارده علي الاسطح الاسوار شبابيك تخلص من الروائح الكريهه والحشرات التي تسببها الطيور مخلفات، تعاني من وجود فضلات في الاحواش ؟عندنا الحل الاكيد مع الرشيدي #شركة_تركيب_طارد_حمام

 #الكادي_تريد_قتل_نفسها https://t.co/0BhYM0HXd1",0,0,0,0,Wed Dec 30 18:52:38 +0000 2020,0,False,False
https://x.com/F16_bh/status/1344345232905826305,https://twitter.com/F16_bh/status/1344345232905826305,1344345232905826305,"لعل الله يقبل دعوة أم غرر بابنها فارتكب مخافة أمنية سجن على أثرها أو قتل وحرمت هذه الأم ابنها بسبب والدك الضال والمضل

#لاتقتلوا_سلمان_العودة",0,0,0,0,Wed Dec 30 18:10:54 +0000 2020,0,False,True
https://x.com/AhmedEl65841660/status/1344340494512492545,https://twitter.com/AhmedEl65841660/status/1344340494512492545,1344340494512492545,"⚡ تنظيف مجالس وكنب وفرش 
 ، منازل وفلل وقصور وبيوت 
⚡ تنظيف خزانات ومطاعم ومكاتب 
⚡تعقيم منازل ومتستشفيات وفنادق والهيئات 
تسليك مجارى وعزل الفوم والاسطح وكشف التسربيات بارخص الاسعار وباعلى جودة

#الكادي_تريد_قتل_نفسها https://t.co/aUuoqC5Ztp",7,23,7,0,Wed Dec 30 17:52:05 +0000 2020,0,False,False
https://x.com/sl_gw0/status/1344338961557319680,https://twitter.com/sl_gw0/status/1344338961557319680,1344338961557319680,"✔شيك اوف 
✔لعلاج القولون العصبي
✔علاج القولون الهضمي
✔علاج ارتجاع المرئ
✔علاج الغازات
✔علاج الإمساك المزمن
✔علاج جرثومة المعده
✔أفضل منتج نباتي مئه بالمئة
تواصل معى الان من خلال رسايل الصفحه 
#الكادي_تريد_قتل_نفسها https://t.co/PZPmeWPU3E",0,2,6,0,Wed Dec 30 17:45:59 +0000 2020,0,False,False
https://x.com/iamoss_8/status/1344334370119806976,https://twitter.com/iamoss_8/status/1344334370119806976,1344334370119806976,اصابعي اكثر شي تعرض لمختلف الاصابات ، حرق ، جروح عادية وجروح احتاجت لثلاث غرز ، وكسر والحين اصبعي مورم من جرح غبي ويالله انك تفرجها من عندك,0,0,0,1,Wed Dec 30 17:27:45 +0000 2020,0,False,False
https://x.com/MohadAlosaimii/status/1608964245563248641,https://twitter.com/MohadAlosaimii/status/1608964245563248641,1608964245563248641,""" لكن أمانه "" مقطع مليان شعور وخيبة وصدمه ، وكأنه يجسد الواقع بكل حرق يقوله سعود الصليلي أتعب من بعده والله .",0,0,1,0,Fri Dec 30 23:12:23 +0000 2022,0,False,True
https://x.com/SA13277059/status/1608954125311672321,https://twitter.com/SA13277059/status/1608954125311672321,1608954125311672321,"تعاقد العالمي مع رونالدو 
ضرب فيه عدة فيران بحجر واحد 

كسب مهاجم عالمي 
وبيتابع دورينا العالم 

فلا بد من ان يكون :

النقل التلفزيوني عالمي 
والتحكيم  عالمي 
ودنفسه اللجان  امنعونا منها 
قطع سلك الفار وتقطيع بث 
وتسكير لمبات ودهن سير حكام 
بعشوه وفروه 
هذي ما نبيها
ارفعوا علومكم",0,0,0,0,Fri Dec 30 22:32:11 +0000 2022,0,False,False
https://x.com/abrahem666667/status/1608931194326110209,https://twitter.com/abrahem666667/status/1608931194326110209,1608931194326110209,"مرحوم ياصنديد الرجال الصناديد
يافارس في مقدم الخيل ..ممشاك
ماهبة ضرب الشلف ورمي البواريد
خيالهن..... الى اقبلن .....مايتعداك
الى صار فر وكر.... وحمي... الراديد 
صاحو لمعزي وسعدك اليوم سعداك
الى مارسم حد الجزيرة على ..البيد
خلاك تمشي في فجاجه محد .جاك 
شعر/ ابوراكان https://t.co/NMNOfplova",0,0,1,1,Fri Dec 30 21:01:03 +0000 2022,0,False,False
https://x.com/deaf_91111/status/1608925965484449794,https://twitter.com/deaf_91111/status/1608925965484449794,1608925965484449794,"قبل قليل في ولاية كاليفورنيا الأمريكية..

مطاردة اشتركت فيها أكثر من 60 سيارة شرطة يلاحقون شخص هارب بسيارته ومشتبه بأنه متورط في قضية قتل https://t.co/tIaPqL2oEe",0,1,0,0,Fri Dec 30 20:40:17 +0000 2022,0,False,False
https://x.com/Michael88023326/status/1608882588529328129,https://twitter.com/Michael88023326/status/1608882588529328129,1608882588529328129,"كل مخارج اسماعيلية مقفولة 
وأنباء عن ضرب كمين 
حد عنده معلومات ؟؟؟",0,1,0,0,Fri Dec 30 17:47:55 +0000 2022,0,False,False
https://x.com/vs_gt9/status/1608845118710362112,https://twitter.com/vs_gt9/status/1608845118710362112,1608845118710362112,"في كينيا وتنزانيا أي طفل ينتمي لقبيلة ""الماساي"" يتم إرساله لـ قتل أحد الأسود وإحضار جثته لـ يثبت أنه أصبح رجلاً  والله ورطه! ️ https://t.co/7fmJOJQ62p",0,0,1,0,Fri Dec 30 15:19:01 +0000 2022,0,False,False
https://x.com/zainijamadar/status/1608822161380372482,https://twitter.com/zainijamadar/status/1608822161380372482,1608822161380372482,إذا حُكي لك عن عنكبوت قتل أفعى وأكلها فصدق. https://t.co/bDLZj7zIAs,1,0,2,0,Fri Dec 30 13:47:48 +0000 2022,0,False,False
https://x.com/mi2019do/status/1608821286964428800,https://twitter.com/mi2019do/status/1608821286964428800,1608821286964428800,"ای جماعت نصاری [مسیحیان] بشارت بر شما، او به قتل نرسیده‌است...
امام مهدي ناصر محمد اليماني
02 - شوال - 1443 هـ
03 - 05 - 2022 مـ
https://t.co/bxQfRi7JSy
Imam Mahdi Nasser Mohammed Al-Yamani
#عاجل_خبر_طامه_كبرا_عالميه
السنة الجديدة
New Year
Christmas
Navidad
99156",0,0,1,0,Fri Dec 30 13:44:19 +0000 2022,0,False,False
https://x.com/emadmosbah2/status/1608717616029528064,https://twitter.com/emadmosbah2/status/1608717616029528064,1608717616029528064,"‌للكلمة الطيِّبة تأثير يفوق
التصوّر، ولِعظم وقعها ضرب 
الله بها مثلًا:﴿كشجرةٍ طيِّبةٍ
أصلُها ثابتٌ وفرعها في
السَّماء﴾ فكم من كلمة أزاحت
همًّا، وبدَّدت حُزنًا، وشرحت 
صدرًا، ودفعت نفسًا للأمام؛
فجودوا بها ما استطعتم 
وأغيثوا قلوب من حولكم بها،
طوبى لمن طاب لسانه ولانت
كلمته» https://t.co/TpEFMotINy",0,0,0,0,Fri Dec 30 06:52:22 +0000 2022,0,False,False
https://x.com/oman_Pride/status/1608715841440485376,https://twitter.com/oman_Pride/status/1608715841440485376,1608715841440485376,"من عادات العرب في الجاهلية ..

 .. إذا تكاثرت خيولهم .. وإختلط عليهم أمرها .. وصارو  ما يفرقو بين أصيلها وهجينها ..
فكانوا يولفوهن في مكان واحد ويمنعو عنهن الأكل والشرب .. ويضربوهن ضرب قوي !!
وبعدين يجيبو لهن  الاكل والشرب .. 
يتبع ،،،",1,3,16,0,Fri Dec 30 06:45:19 +0000 2022,0,False,False
https://x.com/althunyan_fahad/status/1873596807735107898,https://twitter.com/althunyan_fahad/status/1873596807735107898,1873596807735107898,تقرير إسرائيلي: حدث غير متوقع كاد يلغي عملية قتل هنية في طهران https://t.co/rNGvvqqogL,0,0,2,0,Mon Dec 30 05:07:43 +0000 2024,0,False,False
https://x.com/tocare2030/status/1873072620679373200,https://twitter.com/tocare2030/status/1873072620679373200,1873072620679373200,"إحتفالاً بنهاية عام 2024 قررت ادارة مصنع مناديل توكير
حرق للأسعار لنهاية العام  بخصومات تصل الي 30% 
+ شحن مجاني لجميع انحاء المملكةالعرض ساري حتي 31 ديسمبر   
اطلب الان ولا تضيع الفرصة   https://t.co/ISbXWOgJgb https://t.co/oTjcRBxviB",0,1,1,0,Sat Dec 28 18:24:47 +0000 2024,0,False,False
https://x.com/alialjmaly33/status/1873042977247117584,https://twitter.com/alialjmaly33/status/1873042977247117584,1873042977247117584,"رَدُّ الإمَام المَهديّ خَليفة الله على العالَمين على تَهديد ترامب لِشعوب الشَّرْقِ الأوسَط ..
الإمام المهديّ ناصر محمد اليمانيّ
02 - جمادى الآخرة - 1446 هـ
03 - 12 - 2024 مـ
08:12 صباحًا
(بحسب التقويم الرسمي لِأُمِّ القُرى)
https://t.co/gtxP2T952r… https://t.co/Y2i688CEoX",1,0,1,0,Sat Dec 28 16:26:59 +0000 2024,0,False,False
https://x.com/Akil1973A/status/1873411032686956991,https://twitter.com/Akil1973A/status/1873411032686956991,1873411032686956991,"اللهم عليك به بعذاب يطلب فيه الموت ولا يجده كما قتل وعذب الأبرياء في غزة وفلسطين
اللهم أره من عذاب الدنيا قبل الآخرة جحيما يريه نزع الروح بعدد ما قتل من الأبرياء.
@EdyCohen 
@AvichayAdraee 
ويارب ألحق به كوهين وأفخاي دعاة الشر والإرهاب والفتن.
#نتنياهو_مجرم_حرب https://t.co/u8W5XGMzW4",20,15,75,1,Sun Dec 29 16:49:31 +0000 2024,0,False,False
https://x.com/waildik/status/1873404864732254267,https://twitter.com/waildik/status/1873404864732254267,1873404864732254267,"طبعا طه عثمان مدلل صهر العمدة جمعة دقلو وإبن أخت قائد الجنجويد محمد حمدان دقلو حميدتي علاقته شنو مع الثورة السودانية المجيده اكيد كان بقتل في الثوار في #مجزرة_القيادة_العامة قوم لف يا وهمي الثورة السودانية المجيده شعارها حريه سلام وعدالة وانتو شعاركم قتل إغتصاب نهب
يامتسلقين",0,1,1,0,Sun Dec 29 16:25:00 +0000 2024,0,False,False
https://x.com/hussainalali031/status/1873030095352545495,https://twitter.com/hussainalali031/status/1873030095352545495,1873030095352545495,"#درعا

القبض على محمد الحمير أبو العبس أحد شبيحة اللجان الشعبية التابعة للنظام البائد في بلدة #محجة، وتم حرق منزله https://t.co/i53ZrCR9dx",0,0,0,0,Sat Dec 28 15:35:48 +0000 2024,0,False,False
https://x.com/kabusnaineh1/status/1872663264141914300,https://twitter.com/kabusnaineh1/status/1872663264141914300,1872663264141914300,"تم اعتقال الدكتور حسام ابو صفيه 
مدير مستشفى كمال عدوان بعد حرق المستشفى و اخلاءه 
#مستشفى_كمال_عدوان_يباد",0,0,2,0,Fri Dec 27 15:18:09 +0000 2024,0,False,True
https://x.com/adfggggyyyy/status/1873319006901530765,https://twitter.com/adfggggyyyy/status/1873319006901530765,1873319006901530765,"عن أبي هريرةرضي الله عنه:قال رسول اللهﷺ
[لأن يجلس أحدكم على جمرةفتحرق ثيابه فتخلص إلى جلده،خير له من أن يجلس على قبر]
*هداية:
نهي عن جلوس على قبر مسلم لأن حرمةالمسلم ميت كحرمته وهو حي
ترغيب في ضرب المثال أثناء الوعظ فهذا من الأساليب النبويةالمباركةفالتعليم
@maasm909
@islamic_pic https://t.co/4MygKlsM4M",8,1,5,0,Sun Dec 29 10:43:50 +0000 2024,0,False,False
https://x.com/Mezn2283/status/1873078073916309557,https://twitter.com/Mezn2283/status/1873078073916309557,1873078073916309557,"أرواحنا كالطيور
تهبط في المكان الذي تشعر فيه بالأمان .....
#السعوديه #حرق_ون_بيس",0,0,0,0,Sat Dec 28 18:46:27 +0000 2024,0,False,False
https://x.com/InfoSnanews/status/1873424861005025413,https://twitter.com/InfoSnanews/status/1873424861005025413,1873424861005025413,"عدن: المحكمة الابتدائية للمنطقة العسكرية الرابعة تقضي بإعدام مدان بجريمة قتل عمد

شبكة أخبار الجنوب S.N.A  - عدن – القضائية:
https://t.co/fNWaVMszp5 https://t.co/FauMnbLbuo",0,0,0,0,Sun Dec 29 17:44:28 +0000 2024,0,False,False
